"decada","name","quantidade"
"1950s","James","845821"
"1950s","Michael","839312"
"1950s","Robert","832110"
"1960s","Michael","837068"
"1960s","David","736709"
"1960s","John","716364"
"1970s","Michael","712793"
"1970s","Jennifer","583688"
"1970s","Christopher","478445"
"1980s","Michael","668724"
"1980s","Christopher","558407"
"1980s","Jessica","471446"
"1990s","Michael","464210"
"1990s","Christopher","361223"
"1990s","Matthew","352315"
"2000s","Jacob","274165"
"2000s","Michael","251189"
"2000s","Joshua","232246"
"2010s","Sophia","104441"
"2010s","Emma","98776"
"2010s","Isabella","96445"
